1,AREIKA ETZANIA URBINA TORREZ,FARMACIA ROSAURA
2,JUAN TERENCIO PRADO ALVARADO,"FARMACIA, CONSULTORIO Y LABORATORIO"
3,MARIANA CATALINA FAJARDO MONTENEGRO,FARMACIA Y VARIEDADES EL TRIANGULO
4,KENIA JAKARELYS GARZON DIAZ,FARMACIA CENTRAL
5,LIDIA DEL SOCORRO ROBLES RUIZ,FARMACIA LOMA VERDE
6,JONNY SALVADOR OBANDO OPORTA,FARMACIA ISABELA
7,MARTHA KENNIA CRUZ ARAUZ,FARMACIA NAZARETH
8,MARIA JOSE JUAREZ CASTRO,FARMACIA SANTA FE NO.2
9,NORA IGNACIA LUNA CASTILLO,FARMACIA JEHOVA ES MI PASTOR
10,FRANCISCO JAVIER MURILLO MONTIEL,FARMACIA MURILLO
11,JOSE ANIBAL RODRIGUEZ COREA,FARMACIA LA ESTRELLA
12,EMILIA DEL SOCORRO TRUJILLO BLANDON,FARMACIA NUEVA JERUSALEN
13,MINDO JOSE URBINA,FARMACIA GUADALUPE
14,ELMER RAUL CRUZ SANTOS,FARMACIA CRUZ
15,PAUL RAY TAYLOR,FARMACIA ALEXANDER
16,SUGEYLY URBINA PRAVIA,FARMACIA FRANIMELLY Y/O SUGEYLY URBINA PRAVIA
17,ERICK ANTONIO RIVAS,FARMACIA
18,MARIA JOSE FLORES CASTRO,FARMACIA SANTA FE
19,FARMACIA FARMACITY S.A.,FARMACIA FARMACITY S.A.
20,"FARMANET, SOCIEDAD ANONIMA","FARMANET, SOCIEDAD ANONIMA"
21,WENS DAYKER VALLADARES PONCE,FARMACIA EL SANTISIMO
22,MYRNA JOSEFA RUIZ ESPINOZA,FARMACIA LOR
23,GRICELDA JANETH CASTRO CASTRO,FARMACIA GUISELL
24,REYNA IVANIA BENDAÑA BERMUDEZ,FARMACIA BENDAÑA
25,ANDREA DEL CARMEN MASIS BLANDON,FARMACIA MASIS
26,JORLIN MARISELA RIVERA RAMIRES,FARMACIA
27,FARMACIA Y COSMETICOS LANZAS ARAUZ Y CIA. LTDA.,FARMACIA Y COSMETICOS LANZAS ARAUZ Y CIA. LTDA.
28,MIRNA GERALDINE RAMIREZ RAMIREZ,FARMACIA SAYONARA
29,JULIO WALDE HERNANDEZ FORNOS,FARMACIA FORNOS
30,MIRNA DE LOS ANGELES PRADO BERMUDEZ,FARMACIA MOISES
31,MARVIN JOSE CARBALLO GRANERA,FARMACIA JOSEPH
32,INDIANA DEL CARMEN FERNANDEZ AGUIRRE,FARMACIA NUEVA ESPERANZA
33,MARTHA JIANNET ESPINOZA QUIROZ,FARMACIA ESPIRITU SANTO
34,KENIA SUYEN REYES RIVERA,FARMACIA RIVER
35,ROSARIO DEL CARMEN RIVERA VALVERDE,FARMACIA LA SALUD
36,CRISTHIAN VERONICA CALDERON BLANDINO,FARMACIA CRISLES
37,MARIA  ISABEL CALDERA PADILLA,FARMACIA LOS CAMPITOS
38,DANIA KELLY CASTILLA,FARMASTOP
39,RAUL ANTONIO RIOS,FARMACIA NITXAL
40,EDGAR ANTONIO BALMACEDA GARCIA,FARMACIA BALGAR BALMACEDA
41,CELINA DEL CARMEN BRAVO MARTINEZ,FARMACIA SANTA ISABEL
42,EDITA DEL CARMEN RAYO DAVILA,FARMACIA FARMA STEVEN
43,LUIS ALBERTO LINDO ROJAS,FARMACIA PREMIER
44,ELIA JHINEZKA ZUNIGA BERMUDEZ,FARMACIA ESTRELLA AZUL
45,MARIA LUISA MORALES MARTINEZ,FARMCIA SANTA GEMA
46,ELISA JUNIETH ZELEDON FLORES,FARMACIA NICAFARMA
47,BISMARK DAVID PEREIRA ESPINOZA,FARMACIA BUSTILLO PEREIRA EXPRESS
48,ELIZABETH FITTORIA TORRES,FARMACIA SAN BENITO
49,RIGOBERTO JESUS TREMINIO MARTINEZ,FARMACIA SILOE
50,EMELINA VICTORIA CABALLERO VALLEJOS,FARMACIA EL AHORRO
51,SCARLETH YAHOSKA MORALES LAZO,FARMACIA DON BOSCO
52,EMERSON RIGOBERTO REYES CASTRO,FARMACIA REYES - CASTRO
53,KAREN LUCILA NOGUERA PEREZ,FARMACIA CHINTO
54,ERIKA ISABEL VEGA  FITORIA,FARMACIA R & V
55,LIGIA GIOCONDA LOPEZ  ZELEDON,FARMACIA D ISRAEL MANAGUA
56,EVA ESMERALDA MORALES HERNANDEZ,FARMACIA LA PALMITA
57,MARGI REBECA CRUZ HERRERA,FARMACIA LOMAS DEL SUR
58,EVELIN HAYDEE GUTIERREZ,FARMACIA EL MAESTRO
59,MARIA ALEJANDRA AGUIRRE CALDERON,FARMACIA CENTROAMERICANA
60,ANA DELIA MONTENEGRO GUIDO,FARMACIA MONTENEGRO
61,MARITZA DEL SOCORRO SEVILLA LOPEZ,FARMACIA RAMOS
62,#VALUE!,#VALUE!
63,CIRO CERVELION BERMUDEZ GONZALEZ,FARMACIA BERMUDEZ
64,FARMACIA TIENDA AZUL,FARMACIA TIENDA AZUL
65,PATRICIA DE LOS ANGELES LEIVA DE PADILLA,FARMACIA PADILLA LEIVA
66,CAROLINA DEL SOCORRO PEREZ DELGADO,FARMACIA SANTA TERESITA DE JESUS
67,CARLOS ALBERTO GARCIA MORALES,FARMACIA SUPER FARMACIA SANTA GEMA
68,"FARMACIAS  EUROPEAS, S.A.",FARMAVALUE No.28 CARRETERA SUR
69,ROBERTO JOSE LAZO RIZO,FARMACIA LARRI
70,#VALUE!,#VALUE!
71,SARA K A SOUFAN,FARMACIA MEGA-PHARMA
72,FARMADESCUENTO S.A,FARMADESCUENTO S.A PLAZA VERACRUZ
73,CARLOS JESUS JAIMES MARTINEZ,FARMACIA VILLA FLOR
74,AURA ROSA MAIRENA ZAPATA,FARMACIA AURA
75,JUNIETH MONTES,FARMACIA
76,FATIMA ADRIANA MENDEZ CARRION,FARMACIA JEHONATAN
77,KARLA ROMERO ARGEÑAL,FARMACIA
78,FATIMA DEL SOCORRO OROZCO HERRERA,FARMACIA DOMINIQUE
79,KIARA MASSIEL GONZALEZ DIAZ,FARMACIA ARACELY
80,FATIMA RIOS  AVENDAÑO,FARMACIA SALVADOR
81,LISETTE AUXILIADORA PEREIRA ESPINOZA,FARMACIA BUSTILLO PEREIRA
82,FLAVIA CHAVEZ LEZAMA,FARMACIA
83,MARBEL DEL SOCORRO BLANCO GARCIA,FARMACIA DIVINO NIÑO DE SAN JUDAS
84,FRANCISCO JOSE MIRANDA VALLECILLO,FARMACIA SANTA ANA
85,MARIA  CONCEPCION  UGARTE BARILLAS,FARMACIA SUPHARMACY
86,FRANK EMIGDIO ROJAS NARBAEZ,FARMACIA EL AHORRO No. 2
87,MARIA  MAGDALENA GARCIA  HERNANDEZ,FARMACIA DIOS ES AMOR
88,AURA VIOLETA CASTRO TREJOS,FARMACIA LA PALMERA
89,MARIA AUXILIADORA TREJOS DAVILA,FARMACIAS FARMA-ECO
90,IGNACIO GONZALO CAMPOS BETANCO,F|ARMACIA MASACHAPA
91,MARIA NELY MARTINEZ MARTINEZ,FARMACIA EBENEZER-MANAGUA
92,ILEANA DEL SOCORRO CASTILLO VALLECILLO,FARMACIA CASTILLO No.2
93,MARLON ANTONIO  TIJERINO AGUILAR,FARMA 911
94,NICOLAS EDUARDO ORTEGA MORALES,FARMACIA FARMAVERO
95,CENEYDA AZUCENA SILVA OLIVA,FARMACIA RED-FARMA
96,NOEL ANTONIO CALERO SALINAS,FARMACIA BABY CARE
97,CLAUDIA ALEJANDRA GONZALEZ RAMOS,FARMACIA LA ECONOMICA
98,OLGA  JAKARELLY HERNANDEZ JIRON,FARMACIA JIRON
99,CONCEPCION DE MARIA VILCHEZ PAZ,FARMACIA SAN CAYETANO
100,OSWIN JOSUE GUTIERREZ HERNANDEZ,FARMACIA GANAN
101,ODALYS ISABEL FONSECA ROCHA,FARMACIA LA FE
102,INGRID YOKARINE ALVARADO,FARMACIA JIMENA
103,OSCAR INOCENTE GARCIA ZAPATA,FARMACIA SANTA GEMA II
104,INVERSIONES FAJAR S.A,SUPER FARMACIA LA FAMILIAR
105,PABLO  ANTONIO HIDALGO LOPEZ,FARMACIA HIDALGO
106,"INVERSIONES MADISON NICARAGUA, SOCIEDAD ANONIMA",FARMACIA FARMACOSTO
107,"RAPIFARMA,SOCIEDAD ANONIMA",FARMACIA RAPIFARMA
108,IVANIA MERCEDES MEDINA RODRIGUEZ,FARMACIA LYCY
109,RAYMIRO JOSE ESCORCIA BENDAÑA,FARMACIA
110,JAIRO JOSUE MORALES GONZALEZ,FARMACIA JALINAS
111,RICARDO  ANTONIO ALTAMIRANO ZAMORA,FARMACIA ALTAMIRANO Y/O RICARDO  ANTONIO ALTAMIRANO ZAMORA
112,JEFFRY ADOLFO GARCIA  CORTEZ,FARMACIA  ECONOMIC FARMA
113,RITA DEL CARMEN HERNANDEZ ESTRADA,FARMACIA LITA
114,JENNY CAROLINA GUDIEL OBANDO,FARMACIA VIDA SANA
115,RODRIGO ALFREDO LEIVA RIVAS,FARMACIA LOS ENCUENTROS
116,JHONATAN VLADIMIR LOPEZ RIVERA,FARMACIA FARMALIVE
117,SANTOS JOSE HERNANDEZ MARTINEZ,FARMACIA SANTINI
118,SONIA DEL CARMEN HERNANDEZ POVEDA,FARMACIA BUEN DIA
119,SARA MARINA CORTES VELASQUEZ,FARMACIA LA VID
120,SUGEYTH SCARLETT GARCIA MIRANDA,FARMACIA FARMAVIDA
121,SENNEYRA LUCIA CASTELLO TORUÑO,FARMACIA CASTELLON
122,VERONICA DEL CARMEN COREA LAZO,FARMACIA VERFAN
123,ANA DEL CARMEN PONCE ORDOÑEZ,FARMACIA EL ALTISIMO
124,SUSANA MARGARITA JIMENEZ HERNANDEZ,FARMACIA SUSANA
125,VIOLETA DEL CARMEN NUÑEZ HERNANDEZ,FARMACIA DOLORES
126,ANGELICA MARIA TIJERINO HERNANDEZ,FARMACIA JOAN
127,YADIRA DEL SOCORRO BLANCO GOMEZ,FARMACIA ELENA
128,JOSE ANTONIO SAAVEDRA ABARCA,FARMACIA SAAVEDRA
129,ZAYDA ELENA ZELAYA CONTRERAS,FARMACIA ELENA
130,JOSE DAVID BURGOS URBINA,FARMACIA ROA
131,JUANITA RAMIREZ  JIRON,FARMACIA TU BIENESTAR
132,DESCONOCIDO,FARMACIA VIERA
133,GLORIA MARIA MAYORGA MONCADA,FARMACIA PAMEFA #2
134,ANDREA MARIA ESCOBAR IZAGUIRRE,FARMACIA MARYANT
135,ANDRES ELISEO RUEDA MEDINA,FARMACIA LA ECONOMICA
136,MARIA CLEOFE POVEDA MARTINEZ,FARMACIA MARIA JOSE
137,SADIA VARGAS CHEVEZ,FARMACIA VIDA
138,KARLA VANESSA FALCON PAREDES,FARMACIA FALCON PAREDES
139,JENNY ISABEL CALERO TORREZ,FARMACIA CENTRAL
140,EVELYN EMILIA BARRIENTOS LAZO,FARMACIA LUZ
141,CRISTHIAN VALESKA POTOSME MONTES,FARMACIA NUESTRA SEÑORA DEL CARMEN
142,EVERTH ALBERTO SANCHEZ PEREZ,FARMACIA CRUZ VERDE
143,YORBIN JOSE COREA MONZON,FARMACIA LA VIEJANA
144,BARLASHC ALEXANDER VIERA SOLORZANO,FARMACIA VIERA
145,JORGE LYONEL PAGUAGA HERRERA,FARMACIA FATIMA
146,MARITZA BENTURA GUERRERO RIVERA,FARMACIA
147,LISSETH MARIA MATAMOROS TRUJILLO,FARMACIA ANGIE
148,CHARLOT DEL CARMEN FONSECA GALEANO,FARMACIA GUADALUPANA
149,RIURY ROBERTO URTECHO MAYORGA,FARMACIA PAMEFA
150,MARTA LORENA PINEDA,FARMACIA LA PRINCIPAL
151,REYNA ISABEL LARGAESPADA ARGUELLO,FARMACIA SANTA MARIA
152,HENRY ALBERTO  SANCHEZ CALDERON,FARMACIA CHINANDEGA
153,ROSA IVANIA FONSECA GALEANO,FARMACIA GUADALUPANA No. 2
154,ILEANA MARVELY ALVARADO FERRUFINO,FARMACIA MI FARMACIA
155,VERONICA NOHEMI ROSALES PADILLA,FARMACIA ROSALES
156,"INVERSIONES MADISON NICARAGUA, SOCIEDAD ANONIMA",FARMACIA FARMACOSTO
157,ADA LUZ QUINTANILLA,FARMACIA NUESTRA SEÑORA DEL SOCORRO
158,IRENE MERCEDES MUNGUIA AREAS,FARMACIA LA VIEJANA
159,MATILDE DEL SOCORRO FERNANDEZ SEQUEIRA,FARMACIA EL FARMACO
160,ADA LINDA PATRICIA OROZCO OJEDA,FARMACIA JERUSALEN
161,MARIA ESPINOZA URBINA,FARMACIA SANTA FE
162,CYNTHIA VERONICA VELASQUEZ BRAVO,FARMACIA  ESPERANZA
163,PASCUAL RAMON PEREZ SAENZ,FARMACIA NICOLE
164,FRANKNER ENGELL VARGAS BRAVO,FARMACIA FARMA CENTER
165,FRANCIS VIVIAN SERRANO,FARMACIA SAN MARTIN
166,YAHOSKA CAROLINA OBREGON SEQUEIRA,"FARMACIA ""CONCEPCION DE MARIA"""
167,ARACELY DE LA LUZ FONSECA ROCHA,FARMACIA LUZ
168,SONIA  DEL CARMEN VEGA MIRANDA,FARMACIA VEGA
169,ANA IRIS VARGAS RIVAS,FARMACIA A.A.A
170,LIEZEL MARCELA MONTENEGRO TABLADA,FARMACIA CENTRO MEDICO JUIGALPA
171,ANIURYS VALERIA DUARTE GONZALEZ,FARMACIA CENTRAL
172,MARTHA LISSETH RIVAS BRAVO,FARMACIA MARIA AUXILIADORA
173,BLANCA ROSA MEJIA DIAZ,FARMACIA SAN SEBASTIAN
174,KEREN EDYTH ARGUELLO GRANADOS,FARMACIA FARMAKER
175,BRENDA LUCIA MARTINEZ OCHOA,FARMACIA OCHOA
176,ALCEO ALEXANDER DIAZ LEIVA,FARMACIA FARMALEIVA Y/O ALCEO ALEXANDER DIAZ LEIVA
177,LISSETH MARIEL LOPEZ HERRERA,FARMACIA LOPEZ
178,CEFERINO JOSE ENRIQUEZ FERNANDEZ,FARMACIA CANDELARIA
179,NADIA SALOME CENTENO REYES,FARMACIA INMACULADA CONCEPCION
180,KARLA  VANESSA URBINA ,FARMACIA NAZARETH
181,CRISTEL DAYANA MARIN SEQUEIRA,FARMACIA FARMATODO
182,LESBIA POTOY TELLEZ,FARMACIA EBENEZER
183,ALEXIS JORDANY PLATA BRAVO,FARMACIA FARMA EXPRESS
184,LILLIAM ISABEL OCAMPO BORGE,FARMACIA SANTA ISABEL
185,DANIA RAQUEL RODRIGUEZ PEREZ,FARMACIA MENDOZA RODRIGUEZ
186,LUIS  CARLOS URIARTE VARGAS,FARMACIA LA AMISTAD
187,DINA MILAGROS MAIRENA GONZALEZ,FARMACIA DINA.
188,MARIA IDANIA GUTIERREZ MALTEZ,FARMACIA MEDILIFE
189,EBEL ANTONIA GONZALES MARTINEZ,FARMACIA MARIA AUXILIADORA
190,MEYLING OSNEYDA VARGAS HERNANDEZ,FARMACIA FARMACENTER
191,ELVIN ARIEL RODRIGUEZ GARCIA,FARMACIA RODRIGUEZ
192,ANA ROSA GALEANO ALVARADO,FARMACIA CRISTAL
193,ESPERANZA DEL CARMEN REYES ROBLETO,FARMACIA KELLY
194,KARELIA CRISTINA SOBALVARRO BRAVO,FARMACIA MIFARMA
195,ALFREDO QUIJANO RIVERA,FARMACIA SAN ANTONIO
196,KAYRELL ARLENE PEREZ MIRANDA,FARMACIA GALLO PEREZ
197,FRANCISCO JAVIER LEON GARZON,FARMACIA SANTA MARIA
198,LEIBNIS DE LOS ANGELES GONZALEZ  SANDINO,FARMACIA SAN JUAN/ LEIBNIS DE LOS ANGELES GONZALEZ  SANDINO
199,FRANCISCO JAVIER LEON GARZON,FARMACIA SANTA MARIA No.2
200,LESTHER ANTONIO MEJIA SEQUEIRA,FARMACIA ROSSETH
201,ALMA LIBETH ROSALES AGUILAR,FARMACIA DESCUENTO ROSALES AGUILAR
202,LIGIA IRELA MORALES LIRA,FARMACIA MORALES
203,GERMANIA MELINA JARQUIN CRUZ,FARMACIA NIÑO DE PRAGA
204,LISHET DE LOS ANGELES TERCERO ZEAS,FARMACIA TERCERO ZEAZ
205,GUILLERMO JOSE ULLOA FAJARDO,FARMACIA SERVIFARMA LA LIDER
206,LIZAYLING MARIAM GONZALEZ RODRIGUEZ,FARMACIA VIRGEN DEL CARMEN
207,GUILLERMO NATIVIDAD CERDA GUERRERO,FARMACIA GUERRERO KANDA
208,MARBEL PAOLA MATUS CAMPOS,FARMACIA SANTA SOFIA
209,HENDRY JADEL LOPEZ RIOS,FARMACIA FARMALOP
210,MARIA FERNANDA CAMPOS FONSECA,FARMACIA FARMAVITAL
211,MARIA JOSE AMADOR SANDOVAL,FARMACIA AMADOR
212,SARA MARGARITA ZAVALA HERNANDEZ,"FARMACIA "" CENTRAL """
213,ANA MARLIETTE ROMERO MOLINA,FARMACIA FARMAUNION
214,SONIA DUARTE KELLY,FARMACIA EL CARMEN
215,MIRIAN DEL CARMEN CENTENO MORALES,FARMACIA ELEANA
216,TEODOSA ROJAS RAYO,FARMACIA ABC
217,NINOSKA ELIZAMAR CANO MONGE,FARMACIA SERVILIFE
218,VIELKA JOSSARY AYALA CRUZ,FARMACIA VIELKA
219,RAMIRO JOSE GONZALEZ MIRANDA,FARMACIA SAN PEDRO DE LOVAGO.
220,ALVARO JOSE RAMOS VARGAS,FARMACIA RAMOS
221,ANA  MELBA JAIME JARQUIN,FARMACIA JAIME
222,IZAYANA DE JESUS CARRILLO OROZCO,FARMACIA ALQUIMIA
223,TANIA AUXILIADORA LOPEZ ARAGON,FARMACIA LOPEZ
224,JAIRO JOSE VARGAS OTERO,FARMACIA VARGAS
225,VIELKA JOSSARY AYALA CRUZ,FARMACIA EL CAMARADA
226,JAMILETH AUXILIADORA DIAZ GARCIA,FARMACIA SANTA MARTHA
227,WILDER  GABRIEL MARTINEZ MORATAYA,FARMACIA SAMUEL MEJIA
228,JAREL GEOVANY ARIAS MORALES,FARMACIA FARMISALUD
229,YOSELYS CONCEPCION SALAZAR DUARTE,FARMACIA
230,JOSE FRANCISCO TORREZ HERNANDEZ,FARMACIA SAN JOSE
231,JUAN PABLO GONZALEZ BRAVO,FARMACIA LA FE
232,IRAZEMA DEL CARMEN GARCIA GONZALEZ,FARMACIA OZIRIS SEBACO
233,NELSON FRANCISCO REYES MENDOZA,FARMACIA GUADALUPE
234,NELSON NAPOLEON TREMINIO ZELEDON,FARMACIA FARMA HOGAR
235,JESSICA WILLIANS DUARTE ALVARADO,FARMACIA JESSY
236,DAISY DEL SOCORRO GONZALEZ CHAVARRIA,FARMACIA OSIRIS No. 2
237,SAYDA DEL CARMEN RUIZ BALMACEDA,FARMACIA LUNSA No. 1
238,JANNERY SOFANA ZELEDON ROQUE,FARMACIA ROQUE
239,MIUREL LETICIA LUNA BERMUDEZ,FARMACIA FARMA- LUNA
240,MARIA JOSE SUAREZ MATAMOROS,FARMACIA NOMI - NOMI
241,CLORINDA TERESA MIRANDA HERNANDEZ,FARMACIA SANTA CLARA
242,AMINTA DEL CARMEN SEQUEIRA SAENZ,FARMACIA ROSSY
243,CONSUELO DE LOS ANGELES RUIZ GALEANO,FARMACIA LOS ANGELES
244,KARLA AZUCENA AMADOR PEREZ,FARMACIA KARLA
245,CRECENCIO TORRES CHAVARRIA,FARMACIA POPULAR
246,MASSIEL ELIZABETH BENAVIDEZ MORAZAN,FARMACIA  FARMA - DESCUENTO
247,CRISLEY SUYEN POLANCO DIAZ,FARMACIA POLANCO
248,CRISTINA LORENA BALLADARES MALTA,FARMACIA FORNOS
249,IVETH DE LOS ANGELES ALVARADO TREMINIO,FARMACIA SAN LORENZO
250,DAISY DEL SOCORRO GONZALEZ CHAVARRIA,FARMACIA OSIRIS No. 1
251,CARLOS JOSE MEJICANO URIARTE,FARMACIA PUNTO FARMA
252,ARIANA PAOLA CHAVARRIA ARAUZ,FARMACIA AGUA VIVA
253,LINDA MAYELA MORENO GOMEZ,FARMACIA SILOE
254,DIANA ISABEL RODRIGUEZ PALACIOS,FARMACIA SANTA LUCIA
255,MARLENE DEL CARMEN MENDOZA CAMPOS,FARMACIA CAMPOS
256,ALVIR EFRAIN BLANDON GUIDO,FARMACIA EL AHORRO
257,MATILDE VALDIVIA SOTELO,FARMACIA URI
258,ANYEL JUDITH URBINA URBINA,FARMACIA LA BENDICION
259,NAHOMY NATHANAHEL MEJIA,FARMACIA MEJIA
260,THOMAS MORITZ AVILES HOLZKNECHT,FARMACIA EL ALIVIO No. 2
261,IRAZEMA DEL CARMEN GARCIA GONZALEZ,FARMACIA OZIRIS CENTRAL
262,ENMA FADELING LUMBI SEQUEIRA,FARMACIA SAN RAFAEL
263,SHEILA PATRICIA URBINA JARQUIN,FARMACIA VIDA SANA
264,INES ANTONIO RAYO LOPEZ,FARMACIA GALEANO
265,ADA LUZ MORAZAN CASTILLO,FARMACIA LA ESQUINA
266,INES BENITA PICADO SAENZ,FARMACIA YESICA
267,ANTONIA  AMALIA ROJAS SANDINO,FARMACIA SANTO REMEDIO
268,KARLA VANESSA PINEDA MORAZAN,FARMACIA MI FAVORITA
269,MARIO JOSUE QUINTANILLA ESPINOZA,FARMACIA MARY
270,XIOMARA DE JESUS LOPEZ ESPINOZA,FARMACIA CORAZON DE JESUS
271,RAFAEL SANTIAGO FERNANDEZ GARCIA,FARMACIA FARMACENTRO
272,CARMEN ISMENIA CARRANZA NARVAEZ,FARMACIA JOSHUA
273,MARIA JUDITH ROMERO PARRALES,FARMACIA SAN JUDAS TADEO
274,CENEYDA AZUCENA SILVA OLIVA,FARMACIA PREMIER
275,MARISELA DEL SOCORRO GUTIERREZ RODRIGUEZ,FARMACIA FARMA-MEDICAL
276,GLENDA MARIA TALAVERA RIZO,FARMACIA CENTRAL
277,STEPHANIE RAQUEL JARQUIN LASAGE,FARMACIA MARIA AUXILIADORA
278,ALVARO JOSE CRUZ CORTEZ,FARMACIA SAN ANGEL
279,ARACELY DEL SOCORRO RAMOS GONZALEZ,FARMACIA ARACELY
280,MARA CELINA MENDIETA MENDIETA,FARMACIA ROCEL
281,LEDA MARINA QUINTERO HUEMBES,FARMACIA MARIA INMACULADA.
282,ROBERTO JOSE FLORES GUTIERREZ,FARMACIA
283,MAYLING AUXILIADORA ZEPEDA ALFARO,FARMACIA EL AHORRO
284,CORNELIA BEMILDA QUINTANILLA MENDEZ,FARMACIA SAN GABRIEL ARCANGEL
285,IVONNE DE JESUS CASTELLON CASTELLON,FARMACIA CASTELLON
286,DAVID ERNESTO UBEDA LOPEZ,FARMACIA ECONOMICA
287,BAYARDO JOSE CASTILLO PICADO,FARMACIA EXPRESS CASTILLO
288,JEYNER JOXDANIS HOYES HERRERA,FARMACIA HOYES
289,MARINA DEL SOCORRO PEREZ VALDIVIA,FARMACIA CRISTO REY
290,YOSELIN AMPARO RIVERA GONZALEZ,FARMACIA
291,REYNA MARGARITA PEÑA ORTIZ,FARMACIA DARIKEN
292,HENRY ARAUZ  UBEDA,FARMACIA DIVINO NIÑO
293,LUDIS JOSE FLORES BLANDON,FARMACIA FARMALUBY
294,FLAVIA DEL SOCORRO ESCOBAR MENDOZA,FARMACIA PEDIATRICA
295,MEYLING VERONICA LOPEZ AMADOR,FARMACIA GABY
296,FLOR DE MARIA BLANDON BLANDON,FARMACIA SAN JUAN DIEGO
297,SABRA PALESTINA BARAHONA LOPEZ,FARMACIA CUBA
298,JUAN CARLOS LUNA CRUZ,FARMACIA LUNA
299,FLOR ESTELA SANCHEZ RUGAMA,FARMACIA LA FAMILIA
300,LIDIA CONCEPCION ZAMORA AGUIRRE,FARMACIA RODRIGUEZ
301,#VALUE!,#VALUE!
302,KATHERIN MARIA LOPEZ SALMERON,FARMACIA LA LEONESA
303,LUISA PATRICIA LOPEZ MUNGUIA,FARMACIA SINAI
304,YUBELCA MARIA TELLEZ SALAZAR,FARMACIA AINARA
305,FARMACIA IMOCSA , LEON/FARMACIA IMOCSA / LEON
306,LOYRETT AURORA ZAPATA HERRERA,FARMACIA SAGRADA FAMILIA
307,ONEYDA DE LOS ANGELES PRADO ESPINOZA,FARMACIA EL ROSARIO
308,MARIA TERESA SALMERON PAIS,FARMACIA LOS ANGELES No. 3
309,KENIA JAEL CARDENAS RAMIREZ,FARMACIA
310,CARLOS ANTONIO JIRON CORRALES,FARMACIA MILAGROS 2
311,MAURICIO JAIME VALDIVIA MEMBREÑO,FARMACIA EL AHORRO
312,DANIA ELIETH PASTORA ALVAREZ,FARMACIA
313,AZUCENA DEL ROSARIO CORRALES MUNGUIA,FARMACIA MILAGROS
314,DARA IZAYANA URBINA BONILLA,FARMACIA
315,CARLOS ALBERTO JIRON CORRALES,FARMACIA EL DESCUENTAZO
316,DARWIN ELIEZER GAITAN PEREZ,FARMACIA
317,MARTA LORENA FONSECA POVEDA,FARMACIA NUESTRA SRA. DE GUADALUPE
318,ANIELKA MERCEDES RIVAS DELGADILLO,FARMACIA LOLITA
319,MYRIAN JUNNIETHE LOPEZ DELGADO,FARMACIA LOLIN
320,ANITA JACOBA VELASQUEZ,FARMACIA
321,SKARLETT DEL SOCORRO OJEDA PEREZ,FARMACIA LA BENDICION
322,LILLIAM MENDEZ HERNANDEZ,FARMACIA LOS ANGELES
323,BISMARK ANTONIO PALACIOS MAYORGA,FARMACIA AVE MARIA
324,ARELI DE MARIA ALEMAN TREMINIO,FARMACIA GUADALUPANA
325,KEYLIN JOHANNA ARAUZ CENTENO,FARMACIA SAUCEÑA
326,MARCIA DE LOS ANGELES QUEZADA ABARCA,FARMACIA NUESTRA SRA. DE LOS ANGELES.
327,MARIA JESUS QUANT HERNANDEZ,FARMACIA QUANT
328,"FARMACIAS  EUROPEAS, S.A.",FARMA VALUE No.26
329,MAGALY BENITA AVELLAN SOLORZANO,FARMACIA AVELLAN
330,FLOR DE MARIA BALTODANO PEREZ,FARMACIA MARGARITA
331,MARIA ALICIA GARCIA ZAPATA,FARMACIA GARCIA
332,GLORIA MERCEDES PERALTA ALARCON,FARMACIA NORMA
333,MARIA JOSE ROCHA GONZALEZ,FARMACIA SANTA ROSA
334,GREGORIO MIGUEL ESPINOZA PULIDO,FARMACIA VERACRUZ
335,MARIA ZULEMA GARCIA PEREZ,FARMACIA CORAZON DE MARIA
336,GRET GUADALUPE ACUÑA MEJIA,FARMACIA
337,MARTHA CENTENO DOLMUS,FARMACIA
338,GUSTAVO PADILLA RIOS,FARMACIA SANTA LUCIA
339,MELBA CAROLINA CENTENO BENAVIDES,FARMACIA FLOR
340,JAIRO VALVERDE REYES,FARMACIA
341,NUBIA CRISTINA CABALLERO MEMBREÑO,FARMACIA
342,JANETH ELIZABETH OROZCO  TREMINIO,FARMACIA OROZCO TREMINIO
343,OSCAR HUMBERTO CHAVARRIA RODRIGUEZ,FARMACIA SAMARA
344,JIOVANY ALBERTO FLOREZ CORRALES,FARMACIA
345,WALKIRIA PALACIOS,FARMACIA
346,JOSSELIN MARIAM CARRASCO LOPEZ,FARMACIA ALEXA CARRASCO
347,ALICIA JOSE PEREZ QUANT,FARMACIA SAN FRANCISCO DE ASIS
348,JULIO CESAR PEREZ GARCIA,FARMACIA NATANAEL
349,SILGIAN IRELA ESPINOZA MONCADA,FARMACIA IRELA
350,MAGALI MARIA TALAVERA GUTIERREZ,FARMACIA JERUSALEN
351,KRISTHELL JOHANNA MONCADA ESPINOZA,FARMACIA SANTA LUCIA
352,CINTHYA MILAGROS ALFARO GARCIA,FARMACIA INMACULADA CONCEPCION
353,NORMAN ALBERTO LOPEZ ESPINOZA,FARMACIA JERUSALEM #2
354,BLENDA GARCIA  RIOS,FARMACIA MI ESPERANZA
355,MARIA GABRIELA FIALLOS MARIN,FARMACIA
356,MELANIA DE LA CONCEPCION PAGUAGA SOMARRIBA,FARMACIA SAN JOSE
357,MARYELY LISBETH GONZALEZ VILCHEZ,FARMACIA LA FE
358,VICTORIA DEL ROSARIO ALFARO MURILLO,FARMACIA KAREL
359,AMANDA FABIOLA GONZALEZ MOLINA,FARMACIA LAS FABIOLAS
360,NORLAN SAUL GONZALEZ ALDANA,FARMACIA MADRIZ
361,FIDELIA PATRICIA GONZALEZ GOMEZ,FARMACIA LA FE
362,LAURA PATRICIA PERALTA GONZALEZ,FARMACIA GUADALUPE
363,ALINA MENDOZA ALFARO,FARMACIA YIREH
364,LIDIA VANESSA TALAVERA GUTIERREZ,FARMACIA EL DESCUENTO
365,FRANCISCO SALVADOR MORALES MORALES,FARMACIA DORITA
366,OLGA MARIA MIRANDA GUTIÉRREZ,FARMACIA LA ASUNCION
367,EVERARDO ANTONIO JIMENEZ MONTOYA,FARMACIA SAN ANDRES
368,SANDRA ELIZABETH GAITAN CORTEZ,FARMACIA ELIZABETH
369,ADELA AMERICA SOLIS SEGURA,FARMACIA VERACRUZ
370,MARIA CONCEPCION MARIN FERNANDEZ,FARMACIA CONNY
371,MARIA ELENA SANCHEZ BARQUERO,FARMACIA GUADALUPANA
372,IRENE DEL CARMEN BALTODANO HONDOY,FARMACIA 10 DE MAYO
373,JULISSA WALESKA MUÑOZ ESTRADA,FARMACIA MUÑOZ
374,VICTOR HUGO ZELEDON LORIO,FARMACIA FARMATODO
375,KATLIN ALIDEX LOPEZ AGUILAR,FAYLO FARMACIA
376,LUIS ALBERTO PEREZ BOLAÑOS,FARMACIA 21
377,OMAR OSWALDO BOJORGE BELLORIN,FARMACIA VIDA
378,ELIDA DEL CARMEN SOLORZANO HERRERA,FARMACIA MILAGROS
379,REYNA MARIA OBANDO CERDA,FARMACIA LA SALUD
380,JUANA ISABEL BACA HURTADO,FARMACIA ISABEL
381,REBECA ISABEL RIVAS HENRRIQUEZ,FARMACIA LETICIA
382,NORLAN ENRIQUE SILVA BELLORIN,FARMACIA LINDA VISTA
383,VILMA DEL SOCORRO CASTILLO URBINA,FARMACIA
384,JOSE FRANCISCO RUIZ DAVILA,FARMACIA CHAPITA
385,RAQUEL DEL CARMEN DIAZ LAZO,FARMACIA RAQUEL
386,YAZMIN MARIA ACOSTA SAAB,FARMACIA SAAB
387,ZEYLING ESTHELA GONZALEZ SALGADO,FARMACIA HOREB
388,JUSDENES ALIOSKA CASTELLON MENDOZA,FARMACIA ALIOSKA
389,NORA ISABEL BENAVIDEZ TORREZ,FARMACIA LETY
390,MARIANA BRAVO MORENO,FARMACIA LA GALENA
391,ANA KARELIA JIMENEZ BRAVO,FARMACIA PRO SALUD
392,YASARI PATRICIA FLORES PRADO,FARMACIA FARMA FAT
393,ANA LILIAM RODRIGUEZ GARCIA,FARMACIA SAN ISIDRO
394,MARIA CRISTINA GARCIA MONCADA,FARMACIA
395,ANA MARIA CASTIBLANCO RIVERA,FARMACIA EL ROSARIO
396,MEYLING  ELIETH GONZALES SALGADO,FARMACIA HOREB
397,ANGELICA MARIA JUAREZ QUINTERO,FARMACIA SAN JUAN BAUTISTA
398,ROLANDO PAYAN OSEGUEDA,FARMACIA SAN JUAN
399,CARLOS ADAN PEREZ,FARMACIA FARMA-AHORRO
400,ALICIA MARIA VILCHEZ BLANDON,FARMACIA DENLYMAR
401,CARMEN ADRIANA DIAZ MONTOYA,FARMACIA SAN LUCAS
402,MARCIA PATRICIA PEREZ LORENTE,FARMACIA SINAI
403,DIANA PATRICIA THOMASON MALANCO,FARMACIA LAS SEGOVIAS
404,MARIA JOSE MIDENSE CRUZ,FARMACIA
405,DINKA ALIOSKA RODRIGUEZ ALFARO,FARMACIA CRISTIAM
406,MARIANA DE JESUS SOLORZANO PALMA,FARMACIA DEL PUEBLO
407,DOMINGA MARTHA LORENA VELASQUEZ LANZAS,FARMACIA FATIMA
408,MYNOR TOMAS TORUÑO BLANDON,FARMACIA SHADDAI
409,EXANIA ESPERANZA TORREZ MARTINEZ,FARMACIA SAN GERONIMO
410,PABLO ALBERTO MENDOZA OROZCO,FARMACIA ESQUIPULAS
411,DESCONOCIDO,FARMACIA SAN SEBASTIAN
412,ROSIBEL SANCHEZ AGUILAR,FARMACIA INMACULADA
413,GEMA IRIS VANEGAS GONZALES,FARMACIA DIVINO NIÑO
414,ALBERTO JOSE GONZALEZ RODRIGUEZ,FARMACIA GONZALEZ
415,ZAYRA JANETH VIZCAYA BRIONES,FARMACIA NORTEÑA
416,ALBA YERANIA LORENTE FIALLOS,FARMACIA FIALLOS
417,INGRID JUSETH BARREDA,FARMACIA ESTELI
418,JULIA ELENA MORALES CASCO,FARMACIA SAN JOSE
419,FRANCISCO DE JESUS DAVILA MACHADO,FARMACIA ODORICO DE ANDREA
420,BELKIS TATIANA ZEPEDA MORALES,FARMACIA SANTA CLARA
421,NORMA ELENA TOLEDO LUMBI,FARMACIA MAGDALENA
422,MARIA DEL SOCORRO SOBALVARRO SARAVIA,FARMACIA SALINAS
423,DAYSI SEQUEIRA MARIN,FARMACIA TIJERINO SEQUEIRA
424,ALAN BARQUERO GUERRERO,FARMACIA BARQUERO
425,ESTHER MARINA DUARTE BACA,FARMACIA GENESIS
426,MARIA ESPERANZA SOBALVARRO BARQUERO,FARMACIA ITCHEN
427,MARIO DE LOS SANTOS SANDOVAL CASTRILLO,FARMACIA MI FARMACIA
428,MARTHA VICTORIA DUARTE MOLINA,FARMACIA SANTA ISABEL
429,MERCEDES ELEONORA FAJARDO LOPEZ,FARMACIA SABALLOS
430,HECTOR IVAN REYES LUMBI,FARMACIA FARMA MANAGUA
431,PETRONILA DE LOS ANGELES MEJIA AMADOR,FARMACIA MASSIEL
432,LISSETH MARGARITA ORTEGA TOLEDO,FARMACIA SAN RAFAEL
433,LUZ AMANDA ESPINOZA VALLECILLO,FARMACIA SAN LUIS
434,HAROLD JAVIER BACON BROKAMP,FARMACIA BACON
435,CORINNE MARLETT BACON GARCIA,FARMACIA LA AHORRATIVA
436,ROSA DEL CARMEN ROCHA,FARMACIA JARQUIN
437,SHEYRI ELIZABETH OCAMPO PALACIOS,FARMACIA ALIZJAKE
438,ISABEL CRISTINA MEDINA PAIZ,FARMACIA MEDINA
439,MERLING YAMILET BRENES ROSALES,FARMACIA MERLING
440,IVANIA ROCHA OLIVERA,FARMACIA EXPRESS- BLUFIELDS
441,ROSA DEL CARMEN ROCHA,FARMACIA JARQUIN #2
442,MARIA MAGDALENA BELLO CONDE,FARMACIA BLUEFIELDS
443,SOFIA ESPERANZA PEREZ HERNANDEZ,FARMACIA ESPERANCITA.
444,YERUSKA XILONEM SANDOVAL CORDERO,FARMACIA SALUD Y VIDA
445,MARITZA DEL CARMEN HENRIQUEZ MANZANARES,FARMACIA DEL CARMEN
446,MARITZA AUXILIADORA NAVAS FUNEZ,FARMACIA LA NUEVA LUCHA
447,SAIDA PATRICIA BLANCO FERNANDEZ,FARMACIA FARMASALUD
448,YOHANNA AUXILIADORA MORAGA LOPEZ,FARMACIA SHALOM
449,TAMARA AUXILIADORA RAMIREZ PEREZ,FARMACIA RAMIREZ
450,KAREN JUDITH MORAGA BRENES,FARMACIA SANTA ROSA
451,JOSE DENIS CARCACHE BOITANO,FARMACIA CARCACHE
452,NORMA  ELENA LOPEZ URCUYO,"FARMACIA ""LOUR"""
453,MARLON MATUTE RUBIO,FARMACIA MATUTE MOLINA
454,JHEFERSON LENIGN RUGAMA MORALES,FARMACIA SANTA RITA
455,NEYLING KARELIA BELLORIN HERRERA,FARMACIA
456,CARLOS EFRAIN NORORI JIMENEZ,FARMACIA BELEN
457,LAURA BERTHA MONCADA VASQUEZ,FARMACIA LA SALUD
458,CARLOS ENRIQUE REYES ESPINOZA,FARMACIA REYES
459,MEYDIN ELENA PINEDA FAJARDO,FARMACIA ECONOMICA
460,CLEMENT ALICIA CASTELLANO CASTELLON,FARMACIA
461,AMALIA JOHANA TERCERO VALLADARES,FARMACIA OLITER
462,DAYRA XILONIA RODRIGUEZ ESPINOZA,FARMACIA LA JALAPEÑA
463,JUANA CASTELLON SANCHEZ,MINI FARMACIA
464,ELBA ISABEL JIRON CASTELLANO,MINI FARMACIA SANTIAGO
465,LUZ MARIA ESPINOZA HERNANDEZ,FARMACIA GUADALUPE
466,FLOR  DE MARIA  DIAZ MONCADA,FARMACIA PALMA
467,MARVIN BLADIMIR RUIZ RUGAMA,FARMACIA XILOMEN
468,FRANCISCO LUIS RODRIGUEZ RAMIREZ,FARMACIA MI FARMACIA
469,NARZA DAMARIS QUEZADA LARIOS,FARMACIA LA FE
470,GEMA LETICIA ZELAYA LOPEZ,FARMACIA
471,ROSA AMELIA SEVILLA BELLORIN,FARMACIA FLOR DE PINO
472,HERSON EUCLIDES RODRIGUEZ GOMEZ,FARMACIA LA MOZONTEÑA
473,IRACELA DEL CARMEN MOLINA ENRIQUEZ,FARMACIA MATUTE MOLINA